Beans,Butter,Cake,Carbonated Water,Chicken
Banana,Butter,Cake,Chicken,Tomatoes
Beans,Cake,Carbonated Water,Chicken
Butter,Cake,Carbonated Water,Chicken,Fish
Banana,Butter,Cake,Carbonated Water,Chicken
Banana,Beans,Cake,Chicken
Banana,Beans,Butter,Cake,Carbonated Water,Chicken,Lettuce,Raisin
Banana,Beans,Butter,Cake,Chicken
Banana,Beans,Cake,Chicken,Pork,Red Snapper
Banana,Beans,Butter,Cake,Carbonated Water,Chicken,Sprouts
Banana,Beans,Butter,Cake,Carbonated Water,Chicken,Container,Fish,Tea
Banana,Butter,Cake,Carbonated Water,Chicken,Chinese Foods,Container
Banana,Butter,Cake,Carbonated Water,Chicken,Rice,Syrup,Tea
Banana,Beans,Butter,Chicken
Banana,Beans,Butter,Cake,Carbonated Water,Chicken,Lettuce
Banana,Beans,Cake,Carbonated Water,Chicken
Banana,Beans,Butter,Cake,Carbonated Water,Filling
Banana,Beans,Butter,Cake,Carbonated Water,Chicken
Beans,Butter,Cake,Carbonated Water
Banana,Beans,Carbonated Water,Chicken,Veal
